Year,Month,Temperature,Anomaly
1889,1,NaN,NaN
1889,2,NaN,NaN
1889,3,NaN,NaN
1889,4,NaN,NaN
1889,5,NaN,NaN
1889,6,NaN,NaN
1889,7,NaN,NaN
1889,8,NaN,NaN
1889,9,NaN,NaN
1889,10,NaN,NaN
1889,11,NaN,NaN
1889,12,NaN,NaN
1890,1,-9.300,-1.484
1890,2,-7.000,0.516
1890,3,-2.200,0.404
1890,4,5.400,0.732
1890,5,9.500,-1.108
1890,6,11.500,-2.742
1890,7,17.600,-0.808
1890,8,21.900,2.107
1890,9,19.000,2.830
1890,10,9.800,0.226
1890,11,4.100,1.875
1890,12,0.600,4.508
1891,1,-7.700,0.116
1891,2,-6.700,0.816
1891,3,0.900,3.504
1891,4,4.300,-0.368
1891,5,9.700,-0.908
1891,6,12.600,-1.642
1891,7,17.100,-1.308
1891,8,18.500,-1.293
1891,9,16.100,-0.070
1891,10,9.500,-0.074
1891,11,2.900,0.675
1891,12,-2.100,1.808
1892,1,-6.600,1.216
1892,2,-5.700,1.816
1892,3,-4.700,-2.096
1892,4,3.400,-1.268
1892,5,8.700,-1.908
1892,6,12.900,-1.342
1892,7,21.400,2.992
1892,8,19.300,-0.493
1892,9,17.100,0.930
1892,10,9.700,0.126
1892,11,2.300,0.075
1892,12,-4.600,-0.692
1893,1,-6.600,1.216
1893,2,-7.700,-0.184
1893,3,-2.200,0.404
1893,4,2.400,-2.268
1893,5,6.100,-4.508
1893,6,12.300,-1.942
1893,7,15.100,-3.308
1893,8,19.300,-0.493
1893,9,14.700,-1.470
1893,10,10.300,0.726
1893,11,4.200,1.975
1893,12,-2.000,1.908
1894,1,-5.400,2.416
1894,2,-5.100,2.416
1894,3,-1.900,0.704
1894,4,3.900,-0.768
1894,5,7.200,-3.408
1894,6,17.300,3.058
1894,7,18.200,-0.208
1894,8,18.800,-0.993
1894,9,15.400,-0.770
1894,10,8.900,-0.674
1894,11,3.900,1.675
1894,12,-2.700,1.208
1895,1,-7.400,0.416
1895,2,-5.400,2.116
1895,3,-5.400,-2.796
1895,4,3.800,-0.868
1895,5,9.300,-1.308
1895,6,10.200,-4.042
1895,7,13.900,-4.508
1895,8,19.300,-0.493
1895,9,16.700,0.530
1895,10,10.200,0.626
1895,11,1.400,-0.825
1895,12,-2.400,1.508
1896,1,-5.700,2.116
1896,2,-8.200,-0.684
1896,3,-3.900,-1.296
1896,4,5.200,0.532
1896,5,10.400,-0.208
1896,6,13.600,-0.642
1896,7,16.000,-2.408
1896,8,20.200,0.407
1896,9,14.400,-1.770
1896,10,8.700,-0.874
1896,11,3.100,0.875
1896,12,-3.200,0.708
1897,1,-6.700,1.116
1897,2,-6.500,1.016
1897,3,-4.900,-2.296
1897,4,0.900,-3.768
1897,5,6.800,-3.808
1897,6,9.800,-4.442
1897,7,16.100,-2.308
1897,8,19.400,-0.393
1897,9,15.300,-0.870
1897,10,9.000,-0.574
1897,11,2.700,0.475
1897,12,-6.400,-2.492
1898,1,-7.000,0.816
1898,2,-8.000,-0.484
1898,3,-8.000,-5.396
1898,4,3.900,-0.768
1898,5,6.600,-4.008
1898,6,10.800,-3.442
1898,7,17.900,-0.508
1898,8,18.900,-0.893
1898,9,12.400,-3.770
1898,10,8.800,-0.774
1898,11,2.500,0.275
1898,12,-2.300,1.608
1899,1,-5.100,2.716
1899,2,-7.600,-0.084
1899,3,-3.600,-0.996
1899,4,4.300,-0.368
1899,5,10.100,-0.508
1899,6,12.300,-1.942
1899,7,16.000,-2.408
1899,8,16.700,-3.093
1899,9,15.000,-1.170
1899,10,9.700,0.126
1899,11,2.000,-0.225
1899,12,-3.800,0.108
1900,1,-8.500,-0.684
1900,2,-10.400,-2.884
1900,3,-5.300,-2.696
1900,4,2.900,-1.768
1900,5,9.000,-1.608
1900,6,11.200,-3.042
1900,7,14.700,-3.708
1900,8,20.000,0.207
1900,9,15.500,-0.670
1900,10,10.100,0.526
1900,11,3.300,1.075
1900,12,-3.500,0.408
1901,1,-6.500,1.316
1901,2,-6.300,1.216
1901,3,-2.300,0.304
1901,4,5.200,0.532
1901,5,8.800,-1.808
1901,6,11.100,-3.142
1901,7,15.000,-3.408
1901,8,20.100,0.307
1901,9,14.700,-1.470
1901,10,9.300,-0.274
1901,11,2.800,0.575
1901,12,-4.300,-0.392
1902,1,-10.300,-2.484
1902,2,-8.900,-1.384
1902,3,-3.100,-0.496
1902,4,3.400,-1.268
1902,5,7.700,-2.908
1902,6,9.600,-4.642
1902,7,13.600,-4.808
1902,8,17.400,-2.393
1902,9,16.600,0.430
1902,10,10.500,0.926
1902,11,3.500,1.275
1902,12,-0.600,3.308
1903,1,-2.400,5.416
1903,2,-5.300,2.216
1903,3,-0.600,2.004
1903,4,5.600,0.932
1903,5,7.200,-3.408
1903,6,11.500,-2.742
1903,7,15.600,-2.808
1903,8,17.800,-1.993
1903,9,16.800,0.630
1903,10,9.000,-0.574
1903,11,2.300,0.075
1903,12,-4.700,-0.792
1904,1,-7.900,-0.084
1904,2,-4.400,3.116
1904,3,-2.300,0.304
1904,4,4.600,-0.068
1904,5,9.700,-0.908
1904,6,15.200,0.958
1904,7,19.300,0.892
1904,8,20.000,0.207
1904,9,14.800,-1.370
1904,10,9.600,0.026
1904,11,1.600,-0.625
1904,12,-2.500,1.408
1905,1,-4.800,3.016
1905,2,-10.100,-2.584
1905,3,-4.000,-1.396
1905,4,0.300,-4.368
1905,5,9.400,-1.208
1905,6,13.400,-0.842
1905,7,16.800,-1.608
1905,8,16.800,-2.993
1905,9,15.800,-0.370
1905,10,10.200,0.626
1905,11,2.500,0.275
1905,12,-2.500,1.408
1906,1,-7.500,0.316
1906,2,-9.600,-2.084
1906,3,-3.600,-0.996
1906,4,2.200,-2.468
1906,5,7.900,-2.708
1906,6,9.700,-4.542
1906,7,18.700,0.292
1906,8,18.600,-1.193
1906,9,14.800,-1.370
1906,10,9.700,0.126
1906,11,0.500,-1.725
1906,12,-2.500,1.408
1907,1,-6.900,0.916
1907,2,-7.100,0.416
1907,3,-4.000,-1.396
1907,4,4.500,-0.168
1907,5,8.300,-2.308
1907,6,11.300,-2.942
1907,7,15.100,-3.308
1907,8,20.900,1.107
1907,9,15.300,-0.870
1907,10,8.400,-1.174
1907,11,1.800,-0.425
1907,12,-5.900,-1.992
1908,1,-11.400,-3.584
1908,2,-9.500,-1.984
1908,3,-4.300,-1.696
1908,4,3.800,-0.868
1908,5,6.400,-4.208
1908,6,10.700,-3.542
1908,7,14.300,-4.108
1908,8,21.000,1.207
1908,9,14.300,-1.870
1908,10,9.300,-0.274
1908,11,0.900,-1.325
1908,12,-4.700,-0.792
1909,1,-10.600,-2.784
1909,2,-8.700,-1.184
1909,3,-4.900,-2.296
1909,4,5.700,1.032
1909,5,8.400,-2.208
1909,6,13.900,-0.342
1909,7,16.900,-1.508
1909,8,18.600,-1.193
1909,9,15.800,-0.370
1909,10,7.800,-1.774
1909,11,3.100,0.875
1909,12,-3.600,0.308
1910,1,-5.000,2.816
1910,2,-6.500,1.016
1910,3,-3.900,-1.296
1910,4,3.700,-0.968
1910,5,9.300,-1.308
1910,6,13.200,-1.042
1910,7,16.600,-1.808
1910,8,18.400,-1.393
1910,9,14.400,-1.770
1910,10,10.500,0.926
1910,11,2.500,0.275
1910,12,-5.600,-1.692
1911,1,-7.800,0.016
1911,2,-7.200,0.316
1911,3,-2.300,0.304
1911,4,2.700,-1.968
1911,5,10.800,0.192
1911,6,12.600,-1.642
1911,7,16.000,-2.408
1911,8,16.800,-2.993
1911,9,15.800,-0.370
1911,10,9.700,0.126
1911,11,5.000,2.775
1911,12,-3.500,0.408
1912,1,-6.000,1.816
1912,2,-6.100,1.416
1912,3,-3.100,-0.496
1912,4,2.400,-2.268
1912,5,7.400,-3.208
1912,6,11.900,-2.342
1912,7,15.800,-2.608
1912,8,18.500,-1.293
1912,9,13.500,-2.670
1912,10,8.800,-0.774
1912,11,-0.100,-2.325
1912,12,-5.800,-1.892
1913,1,-10.100,-2.284
1913,2,-7.500,0.016
1913,3,-4.500,-1.896
1913,4,4.700,0.032
1913,5,7.200,-3.408
1913,6,10.200,-4.042
1913,7,13.500,-4.908
1913,8,17.000,-2.793
1913,9,12.600,-3.570
1913,10,8.500,-1.074
1913,11,1.700,-0.525
1913,12,-3.900,0.008
1914,1,-4.400,3.416
1914,2,-6.600,0.916
1914,3,-1.000,1.604
1914,4,1.500,-3.168
1914,5,11.600,0.992
1914,6,12.400,-1.842
1914,7,17.000,-1.408
1914,8,18.000,-1.793
1914,9,15.800,-0.370
1914,10,9.900,0.326
1914,11,4.400,2.175
1914,12,-4.100,-0.192
1915,1,-7.800,0.016
1915,2,-5.600,1.916
1915,3,-3.600,-0.996
1915,4,2.200,-2.468
1915,5,5.400,-5.208
1915,6,14.500,0.258
1915,7,15.100,-3.308
1915,8,19.200,-0.593
1915,9,17.500,1.330
1915,10,10.500,0.926
1915,11,2.700,0.475
1915,12,-2.000,1.908
1916,1,-5.500,2.316
1916,2,-5.900,1.616
1916,3,-2.900,-0.296
1916,4,3.700,-0.968
1916,5,7.300,-3.308
1916,6,15.700,1.458
1916,7,19.600,1.192
1916,8,21.500,1.707
1916,9,16.200,0.030
1916,10,10.100,0.526
1916,11,4.100,1.875
1916,12,-2.300,1.608
1917,1,-6.000,1.816
1917,2,-7.600,-0.084
1917,3,-4.300,-1.696
1917,4,2.800,-1.868
1917,5,8.100,-2.508
1917,6,11.600,-2.642
1917,7,15.700,-2.708
1917,8,19.600,-0.193
1917,9,15.100,-1.070
1917,10,11.000,1.426
1917,11,2.100,-0.125
1917,12,-0.800,3.108
1918,1,-5.300,2.516
1918,2,-5.400,2.116
1918,3,-1.900,0.704
1918,4,3.600,-1.068
1918,5,8.300,-2.308
1918,6,13.500,-0.742
1918,7,17.100,-1.308
1918,8,19.500,-0.293
1918,9,17.700,1.530
1918,10,10.300,0.726
1918,11,2.300,0.075
1918,12,-5.100,-1.192
1919,1,-7.500,0.316
1919,2,-6.900,0.616
1919,3,-3.100,-0.496
1919,4,2.900,-1.768
1919,5,9.000,-1.608
1919,6,12.100,-2.142
1919,7,18.600,0.192
1919,8,17.900,-1.893
1919,9,16.500,0.330
1919,10,10.600,1.026
1919,11,4.200,1.975
1919,12,-1.700,2.208
1920,1,-3.200,4.616
1920,2,-7.300,0.216
1920,3,-1.800,0.804
1920,4,3.000,-1.668
1920,5,8.100,-2.508
1920,6,14.500,0.258
1920,7,19.100,0.692
1920,8,20.900,1.107
1920,9,15.300,-0.870
1920,10,9.500,-0.074
1920,11,3.800,1.575
1920,12,-4.200,-0.292
1921,1,-6.900,0.916
1921,2,-6.800,0.716
1921,3,-4.000,-1.396
1921,4,4.600,-0.068
1921,5,8.100,-2.508
1921,6,10.100,-4.142
1921,7,19.100,0.692
1921,8,19.000,-0.793
1921,9,16.400,0.230
1921,10,9.800,0.226
1921,11,1.800,-0.425
1921,12,-3.300,0.608
1922,1,-11.200,-3.384
1922,2,-4.200,3.316
1922,3,-3.800,-1.196
1922,4,3.600,-1.068
1922,5,7.000,-3.608
1922,6,13.700,-0.542
1922,7,17.900,-0.508
1922,8,19.900,0.107
1922,9,15.800,-0.370
1922,10,10.600,1.026
1922,11,3.100,0.875
1922,12,-3.100,0.808
1923,1,-8.200,-0.384
1923,2,-8.800,-1.284
1923,3,-1.700,0.904
1923,4,4.000,-0.668
1923,5,8.900,-1.708
1923,6,11.700,-2.542
1923,7,16.000,-2.408
1923,8,20.000,0.207
1923,9,16.100,-0.070
1923,10,10.000,0.426
1923,11,3.500,1.275
1923,12,-2.700,1.208
1924,1,-7.800,0.016
1924,2,-8.300,-0.784
1924,3,-7.100,-4.496
1924,4,4.800,0.132
1924,5,6.000,-4.608
1924,6,10.500,-3.742
1924,7,21.100,2.692
1924,8,20.300,0.507
1924,9,16.000,-0.170
1924,10,9.300,-0.274
1924,11,3.000,0.775
1924,12,-3.300,0.608
1925,1,-6.000,1.816
1925,2,-8.100,-0.584
1925,3,-6.600,-3.996
1925,4,2.700,-1.968
1925,5,7.400,-3.208
1925,6,15.200,0.958
1925,7,16.800,-1.608
1925,8,21.600,1.807
1925,9,16.600,0.430
1925,10,10.500,0.926
1925,11,3.600,1.375
1925,12,-1.500,2.408
1926,1,-5.900,1.916
1926,2,-5.800,1.716
1926,3,-2.600,0.004
1926,4,1.000,-3.668
1926,5,7.200,-3.408
1926,6,11.900,-2.342
1926,7,15.600,-2.808
1926,8,17.500,-2.293
1926,9,15.200,-0.970
1926,10,7.400,-2.174
1926,11,2.200,-0.025
1926,12,-2.500,1.408
1927,1,-6.400,1.416
1927,2,-9.900,-2.384
1927,3,-2.900,-0.296
1927,4,4.500,-0.168
1927,5,8.500,-2.108
1927,6,13.200,-1.042
1927,7,19.000,0.592
1927,8,20.300,0.507
1927,9,15.800,-0.370
1927,10,10.900,1.326
1927,11,4.100,1.875
1927,12,-3.000,0.908
1928,1,-5.200,2.616
1928,2,-8.300,-0.784
1928,3,-2.800,-0.196
1928,4,3.800,-0.868
1928,5,10.000,-0.608
1928,6,11.900,-2.342
1928,7,18.600,0.192
1928,8,20.900,1.107
1928,9,18.000,1.830
1928,10,11.500,1.926
1928,11,3.600,1.375
1928,12,-4.000,-0.092
1929,1,-7.900,-0.084
1929,2,-9.000,-1.484
1929,3,-3.000,-0.396
1929,4,2.200,-2.468
1929,5,6.800,-3.808
1929,6,11.800,-2.442
1929,7,19.400,0.992
1929,8,18.700,-1.093
1929,9,15.200,-0.970
1929,10,10.600,1.026
1929,11,3.600,1.375
1929,12,-2.200,1.708
1930,1,-9.100,-1.284
1930,2,-6.500,1.016
1930,3,-1.500,1.104
1930,4,3.300,-1.368
1930,5,8.300,-2.308
1930,6,11.900,-2.342
1930,7,18.100,-0.308
1930,8,19.900,0.107
1930,9,16.300,0.130
1930,10,10.700,1.126
1930,11,2.700,0.475
1930,12,-4.400,-0.492
1931,1,-9.800,-1.984
1931,2,-11.700,-4.184
1931,3,-3.100,-0.496
1931,4,1.900,-2.768
1931,5,6.200,-4.408
1931,6,10.400,-3.842
1931,7,12.300,-6.108
1931,8,20.200,0.407
1931,9,16.100,-0.070
1931,10,10.700,1.126
1931,11,3.500,1.275
1931,12,-3.000,0.908
1932,1,-3.800,4.016
1932,2,-6.700,0.816
1932,3,-2.900,-0.296
1932,4,3.100,-1.568
1932,5,9.600,-1.008
1932,6,14.100,-0.142
1932,7,13.700,-4.708
1932,8,17.500,-2.293
1932,9,13.800,-2.370
1932,10,10.700,1.126
1932,11,5.000,2.775
1932,12,-1.900,2.008
1933,1,-7.200,0.616
1933,2,-9.000,-1.484
1933,3,-4.800,-2.196
1933,4,2.600,-2.068
1933,5,9.300,-1.308
1933,6,12.100,-2.142
1933,7,19.800,1.392
1933,8,21.300,1.507
1933,9,15.500,-0.670
1933,10,9.100,-0.474
1933,11,3.600,1.375
1933,12,-1.800,2.108
1934,1,-4.400,3.416
1934,2,-6.200,1.316
1934,3,-2.800,-0.196
1934,4,3.200,-1.468
1934,5,8.400,-2.208
1934,6,13.900,-0.342
1934,7,14.400,-4.008
1934,8,17.700,-2.093
1934,9,15.200,-0.970
1934,10,9.000,-0.574
1934,11,4.100,1.875
1934,12,-2.700,1.208
1935,1,-5.800,2.016
1935,2,-3.800,3.716
1935,3,-1.400,1.204
1935,4,3.700,-0.968
1935,5,8.000,-2.608
1935,6,11.400,-2.842
1935,7,16.700,-1.708
1935,8,17.100,-2.693
1935,9,15.900,-0.270
1935,10,12.000,2.426
1935,11,3.000,0.775
1935,12,-4.600,-0.692
1936,1,-6.300,1.516
1936,2,-6.700,0.816
1936,3,-2.700,-0.096
1936,4,3.000,-1.668
1936,5,7.900,-2.708
1936,6,14.300,0.058
1936,7,16.900,-1.508
1936,8,19.500,-0.293
1936,9,17.000,0.830
1936,10,10.700,1.126
1936,11,3.400,1.175
1936,12,-2.300,1.608
1937,1,-6.100,1.716
1937,2,-4.500,3.016
1937,3,-2.800,-0.196
1937,4,3.800,-0.868
1937,5,7.700,-2.908
1937,6,11.300,-2.942
1937,7,20.600,2.192
1937,8,19.700,-0.093
1937,9,15.400,-0.770
1937,10,10.300,0.726
1937,11,3.300,1.075
1937,12,-4.300,-0.392
1938,1,-6.600,1.216
1938,2,-6.400,1.116
1938,3,-1.500,1.104
1938,4,4.400,-0.268
1938,5,10.600,-0.008
1938,6,12.500,-1.742
1938,7,17.500,-0.908
1938,8,22.800,3.007
1938,9,17.000,0.830
1938,10,10.100,0.526
1938,11,3.000,0.775
1938,12,-5.100,-1.192
1939,1,-8.200,-0.384
1939,2,-8.200,-0.684
1939,3,-3.500,-0.896
1939,4,3.700,-0.968
1939,5,7.800,-2.808
1939,6,13.700,-0.542
1939,7,18.800,0.392
1939,8,20.400,0.607
1939,9,17.400,1.230
1939,10,9.700,0.126
1939,11,3.800,1.575
1939,12,-3.100,0.808
1940,1,-7.500,0.316
1940,2,-7.900,-0.384
1940,3,-1.700,0.904
1940,4,2.900,-1.768
1940,5,9.300,-1.308
1940,6,10.800,-3.442
1940,7,17.400,-1.008
1940,8,20.200,0.407
1940,9,14.400,-1.770
1940,10,10.200,0.626
1940,11,4.000,1.775
1940,12,-1.300,2.608
1941,1,-6.000,1.816
1941,2,-7.100,0.416
1941,3,-2.900,-0.296
1941,4,3.200,-1.468
1941,5,8.000,-2.608
1941,6,12.300,-1.942
1941,7,12.800,-5.608
1941,8,15.800,-3.993
1941,9,15.400,-0.770
1941,10,9.900,0.326
1941,11,3.400,1.175
1941,12,-2.900,1.008
1942,1,-8.800,-0.984
1942,2,-9.700,-2.184
1942,3,-1.800,0.804
1942,4,4.200,-0.468
1942,5,7.800,-2.808
1942,6,12.100,-2.142
1942,7,17.800,-0.608
1942,8,17.700,-2.093
1942,9,15.300,-0.870
1942,10,9.500,-0.074
1942,11,3.400,1.175
1942,12,-3.400,0.508
1943,1,-5.200,2.616
1943,2,-7.400,0.116
1943,3,-3.400,-0.796
1943,4,2.600,-2.068
1943,5,6.400,-4.208
1943,6,13.700,-0.542
1943,7,20.600,2.192
1943,8,21.700,1.907
1943,9,16.600,0.430
1943,10,10.600,1.026
1943,11,1.700,-0.525
1943,12,-3.500,0.408
1944,1,-8.900,-1.084
1944,2,-9.400,-1.884
1944,3,-3.600,-0.996
1944,4,0.700,-3.968
1944,5,9.300,-1.308
1944,6,14.200,-0.042
1944,7,19.700,1.292
1944,8,21.400,1.607
1944,9,16.400,0.230
1944,10,10.100,0.526
1944,11,2.000,-0.225
1944,12,-6.600,-2.692
1945,1,-9.000,-1.184
1945,2,-8.500,-0.984
1945,3,-2.700,-0.096
1945,4,4.600,-0.068
1945,5,6.200,-4.408
1945,6,11.600,-2.642
1945,7,13.300,-5.108
1945,8,19.100,-0.693
1945,9,15.100,-1.070
1945,10,10.000,0.426
1945,11,3.800,1.575
1945,12,-4.600,-0.692
1946,1,-7.500,0.316
1946,2,-7.500,0.016
1946,3,-4.300,-1.696
1946,4,5.000,0.332
1946,5,7.100,-3.508
1946,6,15.300,1.058
1946,7,18.700,0.292
1946,8,22.400,2.607
1946,9,16.400,0.230
1946,10,11.300,1.726
1946,11,4.400,2.175
1946,12,-2.900,1.008
1947,1,-5.200,2.616
1947,2,-7.100,0.416
1947,3,-4.100,-1.496
1947,4,3.700,-0.968
1947,5,8.400,-2.208
1947,6,11.100,-3.142
1947,7,18.000,-0.408
1947,8,19.200,-0.593
1947,9,14.600,-1.570
1947,10,9.100,-0.474
1947,11,2.000,-0.225
1947,12,-5.300,-1.392
1948,1,-3.900,3.916
1948,2,-6.400,1.116
1948,3,-2.600,0.004
1948,4,5.700,1.032
1948,5,12.000,1.392
1948,6,13.100,-1.142
1948,7,17.000,-1.408
1948,8,21.400,1.607
1948,9,16.000,-0.170
1948,10,10.400,0.826
1948,11,2.900,0.675
1948,12,-1.300,2.608
1949,1,-3.100,4.716
1949,2,-3.700,3.816
1949,3,-5.000,-2.396
1949,4,0.700,-3.968
1949,5,10.400,-0.208
1949,6,11.300,-2.942
1949,7,17.000,-1.408
1949,8,20.700,0.907
1949,9,16.700,0.530
1949,10,9.800,0.226
1949,11,2.300,0.075
1949,12,-4.300,-0.392
1950,1,-6.600,1.216
1950,2,-5.500,2.016
1950,3,-2.400,0.204
1950,4,3.100,-1.568
1950,5,10.600,-0.008
1950,6,13.900,-0.342
1950,7,20.200,1.792
1950,8,21.900,2.107
1950,9,15.900,-0.270
1950,10,8.600,-0.974
1950,11,3.500,1.275
1950,12,-3.000,0.908
1951,1,-8.347,-0.531
1951,2,-9.063,-1.546
1951,3,-2.245,0.359
1951,4,4.218,-0.450
1951,5,10.771,0.163
1951,6,12.858,-1.384
1951,7,17.318,-1.090
1951,8,23.061,3.269
1951,9,15.415,-0.755
1951,10,10.073,0.499
1951,11,3.362,1.137
1951,12,-1.087,2.821
1952,1,-6.211,1.604
1952,2,-8.671,-1.155
1952,3,-3.502,-0.898
1952,4,4.567,-0.102
1952,5,9.416,-1.192
1952,6,13.655,-0.587
1952,7,17.437,-0.971
1952,8,18.800,-0.993
1952,9,16.538,0.368
1952,10,11.235,1.662
1952,11,0.988,-1.237
1952,12,-6.955,-3.047
1953,1,-8.655,-0.839
1953,2,-9.871,-2.355
1953,3,-1.974,0.630
1953,4,3.098,-1.570
1953,5,7.385,-3.223
1953,6,11.280,-2.962
1953,7,17.305,-1.103
1953,8,18.326,-1.467
1953,9,16.948,0.778
1953,10,10.889,1.315
1953,11,-0.883,-3.108
1953,12,-2.806,1.102
1954,1,-7.424,0.391
1954,2,-5.016,2.500
1954,3,-3.300,-0.696
1954,4,4.747,0.078
1954,5,8.592,-2.016
1954,6,10.852,-3.390
1954,7,13.544,-4.864
1954,8,17.345,-2.447
1954,9,17.262,1.092
1954,10,9.235,-0.338
1954,11,2.792,0.567
1954,12,-1.023,2.886
1955,1,-7.934,-0.118
1955,2,-5.943,1.573
1955,3,-1.547,1.057
1955,4,5.228,0.560
1955,5,7.405,-3.203
1955,6,13.462,-0.780
1955,7,21.639,3.231
1955,8,19.769,-0.023
1955,9,14.603,-1.567
1955,10,10.821,1.247
1955,11,3.877,1.652
1955,12,-0.744,3.165
1956,1,-6.445,1.370
1956,2,-5.786,1.730
1956,3,-3.152,-0.548
1956,4,4.762,0.093
1956,5,13.571,2.963
1956,6,12.185,-2.057
1956,7,14.360,-4.048
1956,8,16.653,-3.139
1956,9,17.412,1.242
1956,10,11.858,2.284
1956,11,4.028,1.803
1956,12,-3.940,-0.032
1957,1,-5.619,2.196
1957,2,-5.973,1.543
1957,3,-4.369,-1.766
1957,4,5.295,0.627
1957,5,9.931,-0.677
1957,6,11.722,-2.520
1957,7,17.168,-1.240
1957,8,18.719,-1.073
1957,9,15.033,-1.137
1957,10,10.865,1.291
1957,11,5.327,3.102
1957,12,-1.611,2.297
1958,1,-5.548,2.267
1958,2,-5.709,1.807
1958,3,-2.848,-0.245
1958,4,4.400,-0.268
1958,5,8.706,-1.902
1958,6,13.542,-0.700
1958,7,17.660,-0.748
1958,8,18.727,-1.065
1958,9,16.228,0.058
1958,10,10.203,0.630
1958,11,4.180,1.955
1958,12,-1.089,2.820
1959,1,-7.073,0.743
1959,2,-4.779,2.738
1959,3,-1.213,1.391
1959,4,7.272,2.603
1959,5,10.094,-0.514
1959,6,12.843,-1.399
1959,7,18.724,0.316
1959,8,18.029,-1.764
1959,9,15.820,-0.350
1959,10,11.195,1.622
1959,11,2.985,0.760
1959,12,-3.197,0.711
1960,1,-8.047,-0.231
1960,2,-6.243,1.273
1960,3,-2.656,-0.053
1960,4,2.797,-1.872
1960,5,8.529,-2.079
1960,6,12.015,-2.227
1960,7,16.673,-1.735
1960,8,21.445,1.653
1960,9,17.950,1.780
1960,10,9.640,0.067
1960,11,3.528,1.303
1960,12,-3.892,0.016
1961,1,-9.274,-1.459
1961,2,-7.227,0.289
1961,3,-2.387,0.217
1961,4,6.628,1.960
1961,5,10.505,-0.103
1961,6,15.147,0.905
1961,7,20.426,2.018
1961,8,20.079,0.286
1961,9,19.177,3.007
1961,10,10.306,0.733
1961,11,4.062,1.837
1961,12,-1.521,2.387
1962,1,-5.169,2.646
1962,2,-7.355,0.161
1962,3,-3.053,-0.449
1962,4,7.027,2.358
1962,5,10.632,0.024
1962,6,13.570,-0.672
1962,7,17.568,-0.840
1962,8,18.169,-1.623
1962,9,16.620,0.450
1962,10,9.777,0.204
1962,11,2.913,0.688
1962,12,-1.603,2.305
1963,1,-6.013,1.803
1963,2,-6.536,0.980
1963,3,-2.548,0.055
1963,4,4.578,-0.090
1963,5,12.647,2.039
1963,6,13.787,-0.455
1963,7,18.373,-0.035
1963,8,17.819,-1.973
1963,9,15.103,-1.067
1963,10,10.573,0.999
1963,11,5.158,2.933
1963,12,-1.295,2.613
1964,1,-6.006,1.809
1964,2,-10.871,-3.355
1964,3,-3.598,-0.995
1964,4,3.338,-1.330
1964,5,10.411,-0.197
1964,6,11.627,-2.615
1964,7,15.398,-3.009
1964,8,18.597,-1.196
1964,9,14.108,-2.062
1964,10,9.627,0.054
1964,11,3.180,0.955
1964,12,-2.535,1.373
1965,1,-4.677,3.138
1965,2,-6.471,1.045
1965,3,-4.558,-1.954
1965,4,2.648,-2.020
1965,5,10.216,-0.392
1965,6,14.115,-0.127
1965,7,14.798,-3.609
1965,8,19.465,-0.328
1965,9,15.830,-0.340
1965,10,10.398,0.825
1965,11,2.688,0.463
1965,12,-3.065,0.844
1966,1,-6.803,1.012
1966,2,-6.907,0.609
1966,3,-1.215,1.389
1966,4,2.670,-1.998
1966,5,8.647,-1.961
1966,6,11.897,-2.345
1966,7,15.887,-2.521
1966,8,18.837,-0.955
1966,9,15.218,-0.952
1966,10,11.634,2.060
1966,11,4.778,2.553
1966,12,-4.506,-0.598
1967,1,-7.990,-0.175
1967,2,-7.380,0.136
1967,3,-1.324,1.280
1967,4,4.840,0.172
1967,5,11.239,0.631
1967,6,12.593,-1.649
1967,7,17.282,-1.125
1967,8,20.060,0.267
1967,9,15.112,-1.058
1967,10,10.644,1.070
1967,11,1.585,-0.640
1967,12,-2.216,1.692
1968,1,-5.523,2.293
1968,2,-8.774,-1.258
1968,3,0.513,3.117
1968,4,4.907,0.238
1968,5,9.150,-1.458
1968,6,14.152,-0.090
1968,7,17.711,-0.696
1968,8,18.310,-1.483
1968,9,15.360,-0.810
1968,10,8.431,-1.143
1968,11,5.227,3.002
1968,12,-0.060,3.849
1969,1,-6.997,0.819
1969,2,-7.338,0.179
1969,3,-3.079,-0.475
1969,4,3.708,-0.960
1969,5,9.195,-1.413
1969,6,12.195,-2.047
1969,7,18.489,0.081
1969,8,16.253,-3.539
1969,9,15.550,-0.620
1969,10,8.877,-0.696
1969,11,3.010,0.785
1969,12,-5.337,-1.429
1970,1,-7.871,-0.055
1970,2,-6.752,0.764
1970,3,-5.532,-2.929
1970,4,4.465,-0.203
1970,5,12.966,2.358
1970,6,13.397,-0.845
1970,7,18.582,0.175
1970,8,19.576,-0.217
1970,9,16.135,-0.035
1970,10,10.835,1.262
1970,11,3.970,1.745
1970,12,-3.881,0.028
1971,1,-6.292,1.524
1971,2,-7.193,0.323
1971,3,-2.008,0.596
1971,4,4.777,0.108
1971,5,9.194,-1.414
1971,6,12.180,-2.062
1971,7,16.579,-1.829
1971,8,17.685,-2.107
1971,9,14.108,-2.062
1971,10,10.694,1.120
1971,11,3.350,1.125
1971,12,-2.087,1.821
1972,1,-5.663,2.153
1972,2,-5.791,1.725
1972,3,-1.594,1.010
1972,4,5.602,0.933
1972,5,11.132,0.524
1972,6,14.395,0.153
1972,7,18.079,-0.329
1972,8,20.821,1.028
1972,9,15.832,-0.338
1972,10,11.111,1.538
1972,11,1.995,-0.230
1972,12,-1.579,2.329
1973,1,-5.500,2.316
1973,2,-6.143,1.373
1973,3,-4.503,-1.899
1973,4,5.187,0.518
1973,5,9.885,-0.723
1973,6,12.508,-1.734
1973,7,16.789,-1.619
1973,8,20.850,1.057
1973,9,16.308,0.138
1973,10,9.710,0.136
1973,11,2.637,0.412
1973,12,-2.900,1.008
1974,1,-5.039,2.777
1974,2,-6.943,0.573
1974,3,-3.653,-1.049
1974,4,3.895,-0.773
1974,5,8.994,-1.614
1974,6,12.320,-1.922
1974,7,17.065,-1.343
1974,8,19.266,-0.526
1974,9,15.935,-0.235
1974,10,9.423,-0.151
1974,11,1.352,-0.873
1974,12,-6.435,-2.527
1975,1,-6.473,1.343
1975,2,-8.373,-0.857
1975,3,-3.840,-1.237
1975,4,4.108,-0.560
1975,5,7.963,-2.645
1975,6,13.243,-0.999
1975,7,16.994,-1.414
1975,8,20.984,1.191
1975,9,17.178,1.008
1975,10,9.515,-0.059
1975,11,3.572,1.347
1975,12,-4.424,-0.516
1976,1,-6.205,1.611
1976,2,-4.697,2.820
1976,3,-2.332,0.271
1976,4,4.080,-0.588
1976,5,10.969,0.361
1976,6,12.543,-1.699
1976,7,18.352,-0.056
1976,8,17.558,-2.235
1976,9,14.833,-1.337
1976,10,9.673,0.099
1976,11,1.933,-0.292
1976,12,-3.458,0.450
1977,1,-10.342,-2.526
1977,2,-11.495,-3.979
1977,3,-2.613,-0.009
1977,4,3.473,-1.195
1977,5,8.352,-2.256
1977,6,13.175,-1.067
1977,7,19.306,0.899
1977,8,17.921,-1.872
1977,9,16.410,0.240
1977,10,10.755,1.181
1977,11,4.103,1.878
1977,12,-2.477,1.431
1978,1,-7.755,0.061
1978,2,-12.659,-5.143
1978,3,-3.498,-0.895
1978,4,4.192,-0.477
1978,5,10.079,-0.529
1978,6,15.157,0.915
1978,7,22.060,3.652
1978,8,21.782,1.990
1978,9,15.887,-0.283
1978,10,9.137,-0.436
1978,11,2.697,0.472
1978,12,-2.677,1.231
1979,1,-7.474,0.341
1979,2,-4.754,2.763
1979,3,-3.898,-1.295
1979,4,1.598,-3.070
1979,5,7.350,-3.258
1979,6,14.438,0.196
1979,7,15.387,-3.021
1979,8,20.948,1.156
1979,9,15.962,-0.208
1979,10,11.495,1.922
1979,11,3.380,1.155
1979,12,-0.663,3.245
1980,1,-6.002,1.814
1980,2,-9.253,-1.737
1980,3,-2.623,-0.019
1980,4,1.803,-2.865
1980,5,9.560,-1.048
1980,6,14.453,0.211
1980,7,15.992,-2.416
1980,8,15.529,-4.264
1980,9,15.985,-0.185
1980,10,10.010,0.436
1980,11,3.922,1.697
1980,12,-0.885,3.023
1981,1,-7.108,0.708
1981,2,-8.539,-1.023
1981,3,-4.511,-1.908
1981,4,4.233,-0.435
1981,5,7.495,-3.113
1981,6,12.057,-2.185
1981,7,17.805,-0.603
1981,8,19.485,-0.307
1981,9,15.378,-0.792
1981,10,10.052,0.478
1981,11,0.788,-1.437
1981,12,-1.819,2.089
1982,1,-6.632,1.183
1982,2,-8.345,-0.829
1982,3,-1.665,0.939
1982,4,3.487,-1.182
1982,5,9.790,-0.818
1982,6,12.985,-1.257
1982,7,17.411,-0.996
1982,8,20.303,0.511
1982,9,16.950,0.780
1982,10,11.439,1.865
1982,11,3.848,1.623
1982,12,-1.823,2.086
1983,1,-5.589,2.227
1983,2,-7.979,-0.462
1983,3,-3.821,-1.217
1983,4,7.690,3.022
1983,5,9.795,-0.813
1983,6,8.652,-5.590
1983,7,14.121,-4.287
1983,8,19.550,-0.243
1983,9,15.095,-1.075
1983,10,8.369,-1.204
1983,11,3.483,1.258
1983,12,-2.937,0.971
1984,1,-6.019,1.796
1984,2,-9.067,-1.551
1984,3,-4.769,-2.166
1984,4,2.613,-2.055
1984,5,8.192,-2.416
1984,6,16.690,2.448
1984,7,19.632,1.225
1984,8,20.777,0.985
1984,9,16.313,0.143
1984,10,9.098,-0.475
1984,11,2.253,0.028
1984,12,-3.816,0.092
1985,1,-9.902,-2.086
1985,2,-5.861,1.655
1985,3,-2.229,0.375
1985,4,5.497,0.828
1985,5,9.937,-0.671
1985,6,12.617,-1.625
1985,7,16.890,-1.517
1985,8,21.919,2.127
1985,9,14.935,-1.235
1985,10,9.877,0.304
1985,11,3.307,1.082
1985,12,-5.095,-1.187
1986,1,-8.448,-0.633
1986,2,-8.891,-1.375
1986,3,-4.273,-1.669
1986,4,5.148,0.480
1986,5,9.700,-0.908
1986,6,10.768,-3.474
1986,7,15.553,-2.854
1986,8,20.318,0.525
1986,9,16.815,0.645
1986,10,8.229,-1.345
1986,11,2.402,0.177
1986,12,-3.298,0.610
1987,1,-8.160,-0.344
1987,2,-7.689,-0.173
1987,3,-1.653,0.951
1987,4,4.922,0.253
1987,5,11.232,0.624
1987,6,13.402,-0.840
1987,7,17.718,-0.690
1987,8,18.023,-1.770
1987,9,16.580,0.410
1987,10,11.219,1.646
1987,11,2.662,0.437
1987,12,-3.700,0.208
1988,1,-6.192,1.624
1988,2,-8.505,-0.989
1988,3,-3.313,-0.709
1988,4,4.707,0.038
1988,5,8.863,-1.745
1988,6,13.838,-0.404
1988,7,14.632,-3.775
1988,8,20.276,0.483
1988,9,15.815,-0.355
1988,10,10.050,0.476
1988,11,1.857,-0.368
1988,12,-1.715,2.194
1989,1,-4.092,3.724
1989,2,-4.277,3.239
1989,3,-0.266,2.338
1989,4,3.550,-1.118
1989,5,9.544,-1.064
1989,6,11.292,-2.950
1989,7,19.279,0.871
1989,8,21.316,1.524
1989,9,16.853,0.683
1989,10,10.842,1.268
1989,11,4.810,2.585
1989,12,-1.898,2.010
1990,1,-7.000,0.816
1990,2,-3.100,4.416
1990,3,-0.200,2.404
1990,4,5.400,0.732
1990,5,10.000,-0.608
1990,6,13.600,-0.642
1990,7,18.700,0.292
1990,8,20.200,0.407
1990,9,16.900,0.730
1990,10,12.300,2.726
1990,11,6.500,4.275
1990,12,1.300,5.208
1991,1,-2.500,5.316
1991,2,-4.700,2.816
1991,3,-1.700,0.904
1991,4,5.800,1.132
1991,5,10.900,0.292
1991,6,15.200,0.958
1991,7,16.100,-2.308
1991,8,18.600,-1.193
1991,9,16.100,-0.070
1991,10,11.400,1.826
1991,11,3.800,1.575
1991,12,-2.400,1.508
1992,1,-4.900,2.916
1992,2,-4.500,3.016
1992,3,-1.400,1.204
1992,4,4.300,-0.368
1992,5,8.700,-1.908
1992,6,12.300,-1.942
1992,7,17.600,-0.808
1992,8,18.300,-1.493
1992,9,13.800,-2.370
1992,10,9.900,0.326
1992,11,3.600,1.375
1992,12,-1.800,2.108
1993,1,-3.700,4.116
1993,2,-4.600,2.916
1993,3,-1.800,0.804
1993,4,2.200,-2.468
1993,5,7.600,-3.008
1993,6,10.500,-3.742
1993,7,15.700,-2.708
1993,8,17.600,-2.193
1993,9,15.700,-0.470
1993,10,10.200,0.626
1993,11,3.500,1.275
1993,12,-1.600,2.308
1994,1,-6.700,1.116
1994,2,-4.000,3.516
1994,3,-2.300,0.304
1994,4,3.900,-0.768
1994,5,11.600,0.992
1994,6,12.800,-1.442
1994,7,18.500,0.092
1994,8,22.000,2.207
1994,9,17.500,1.330
1994,10,10.800,1.226
1994,11,4.100,1.875
1994,12,-3.300,0.608
1995,1,-4.900,2.916
1995,2,-5.200,2.316
1995,3,-2.100,0.504
1995,4,4.400,-0.268
1995,5,11.500,0.892
1995,6,12.100,-2.142
1995,7,18.300,-0.108
1995,8,18.700,-1.093
1995,9,16.000,-0.170
1995,10,11.700,2.126
1995,11,5.000,2.775
1995,12,-1.700,2.208
1996,1,-5.200,2.616
1996,2,-5.500,2.016
1996,3,-2.000,0.604
1996,4,2.800,-1.868
1996,5,6.400,-4.208
1996,6,12.300,-1.942
1996,7,16.200,-2.208
1996,8,18.300,-1.493
1996,9,15.800,-0.370
1996,10,10.200,0.626
1996,11,2.700,0.475
1996,12,-2.300,1.608
1997,1,-4.200,3.616
1997,2,-5.100,2.416
1997,3,-1.900,0.704
1997,4,4.500,-0.168
1997,5,7.900,-2.708
1997,6,11.900,-2.342
1997,7,18.900,0.492
1997,8,17.000,-2.793
1997,9,15.700,-0.470
1997,10,10.300,0.726
1997,11,5.700,3.475
1997,12,-1.000,2.908
1998,1,-7.000,0.816
1998,2,-7.000,0.516
1998,3,-0.700,1.904
1998,4,6.700,2.032
1998,5,11.000,0.392
1998,6,12.300,-1.942
1998,7,15.500,-2.908
1998,8,18.400,-1.393
1998,9,16.800,0.630
1998,10,11.900,2.326
1998,11,2.800,0.575
1998,12,-3.100,0.808
1999,1,-4.600,3.216
1999,2,-6.300,1.216
1999,3,-3.100,-0.496
1999,4,3.800,-0.868
1999,5,9.400,-1.208
1999,6,15.600,1.358
1999,7,17.700,-0.708
1999,8,22.500,2.707
1999,9,18.400,2.230
1999,10,11.200,1.626
1999,11,4.300,2.075
1999,12,-3.100,0.808
2000,1,-4.800,3.016
2000,2,-8.200,-0.684
2000,3,-3.000,-0.396
2000,4,3.000,-1.668
2000,5,10.000,-0.608
2000,6,13.700,-0.542
2000,7,19.600,1.192
2000,8,21.100,1.307
2000,9,16.900,0.730
2000,10,10.500,0.926
2000,11,2.000,-0.225
2000,12,-4.400,-0.492
2001,1,-7.400,0.416
2001,2,-9.000,-1.484
2001,3,-3.000,-0.396
2001,4,6.200,1.532
2001,5,9.900,-0.708
2001,6,13.800,-0.442
2001,7,17.300,-1.108
2001,8,18.000,-1.793
2001,9,14.900,-1.270
2001,10,9.800,0.226
2001,11,3.900,1.675
2001,12,-4.700,-0.792
2002,1,-4.400,3.416
2002,2,-2.600,4.916
2002,3,-0.300,2.304
2002,4,6.900,2.232
2002,5,10.400,-0.208
2002,6,12.200,-2.042
2002,7,16.600,-1.808
2002,8,16.800,-2.993
2002,9,16.200,0.030
2002,10,10.700,1.126
2002,11,2.700,0.475
2002,12,-5.000,-1.092
2003,1,-6.100,1.716
2003,2,-7.900,-0.384
2003,3,-2.500,0.104
2003,4,5.100,0.432
2003,5,10.500,-0.108
2003,6,14.200,-0.042
2003,7,14.100,-4.308
2003,8,18.500,-1.293
2003,9,15.900,-0.270
2003,10,11.000,1.426
2003,11,4.800,2.575
2003,12,-1.900,2.008
2004,1,-4.100,3.716
2004,2,-4.100,3.416
2004,3,-1.100,1.504
2004,4,3.800,-0.868
2004,5,11.700,1.092
2004,6,16.500,2.258
2004,7,18.200,-0.208
2004,8,20.100,0.307
2004,9,17.400,1.230
2004,10,11.300,1.726
2004,11,5.400,3.175
2004,12,-2.400,1.508
2005,1,-5.200,2.616
2005,2,-6.500,1.016
2005,3,-1.800,0.804
2005,4,3.500,-1.168
2005,5,7.500,-3.108
2005,6,15.000,0.758
2005,7,16.800,-1.608
2005,8,21.200,1.407
2005,9,17.600,1.430
2005,10,12.500,2.926
2005,11,4.900,2.675
2005,12,-2.600,1.308
2006,1,-6.000,1.816
2006,2,-4.800,2.716
2006,3,-0.500,2.104
2006,4,2.000,-2.668
2006,5,10.700,0.092
2006,6,12.300,-1.942
2006,7,18.100,-0.308
2006,8,22.200,2.407
2006,9,17.100,0.930
2006,10,10.100,0.526
2006,11,5.300,3.075
2006,12,-2.100,1.808
2007,1,-4.600,3.216
2007,2,-4.000,3.516
2007,3,-1.200,1.404
2007,4,3.400,-1.268
2007,5,8.000,-2.608
2007,6,14.800,0.558
2007,7,16.400,-2.008
2007,8,21.300,1.507
2007,9,16.900,0.730
2007,10,10.600,1.026
2007,11,3.400,1.175
2007,12,-2.300,1.608
2008,1,-6.800,1.016
2008,2,-6.200,1.316
2008,3,-0.500,2.104
2008,4,5.000,0.332
2008,5,9.000,-1.608
2008,6,12.300,-1.942
2008,7,18.200,-0.208
2008,8,18.600,-1.193
2008,9,17.500,1.330
2008,10,11.800,2.226
2008,11,3.700,1.475
2008,12,-0.300,3.608
2009,1,-2.800,5.016
2009,2,-4.800,2.716
2009,3,0.200,2.804
2009,4,4.800,0.132
2009,5,11.300,0.692
2009,6,13.900,-0.342
2009,7,15.200,-3.208
2009,8,18.500,-1.293
2009,9,16.300,0.130
2009,10,11.000,1.426
2009,11,3.600,1.375
2009,12,-2.200,1.708
2010,1,-3.900,3.916
2010,2,-5.200,2.316
2010,3,-1.600,1.004
2010,4,3.700,-0.968
2010,5,8.200,-2.408
2010,6,16.400,2.158
2010,7,18.400,-0.008
2010,8,22.600,2.807
2010,9,17.800,1.630
2010,10,11.100,1.526
2010,11,4.800,2.575
2010,12,-0.200,3.708
2011,1,-6.300,1.516
2011,2,-3.800,3.716
2011,3,-1.300,1.304
2011,4,5.200,0.532
2011,5,7.100,-3.508
2011,6,14.000,-0.242
2011,7,18.100,-0.308
2011,8,21.000,1.207
2011,9,18.400,2.230
2011,10,11.200,1.626
2011,11,4.800,2.575
2011,12,-3.000,0.908
2012,1,-6.200,1.616
2012,2,-7.400,0.116
2012,3,-2.300,0.304
2012,4,5.100,0.432
2012,5,9.000,-1.608
2012,6,12.300,-1.942
2012,7,17.400,-1.008
2012,8,20.400,0.607
2012,9,19.800,3.630
2012,10,11.600,2.026
2012,11,4.600,2.375
2012,12,-3.300,0.608
2013,1,-7.200,0.616
2013,2,-6.100,1.416
2013,3,-1.600,1.004
2013,4,4.400,-0.268
2013,5,7.100,-3.508
2013,6,13.600,-0.642
2013,7,19.700,1.292
2013,8,20.200,0.407
2013,9,17.100,0.930
2013,10,11.400,1.826
2013,11,7.213,4.987